id,title,media_type,date,url,text,keyword,like,comment,read,author_name,timestamp
7410940045856735770,《\\u003cem\\u003e王者荣耀\\u003c/em\\u003e》全新版本今日上线，神钩对决玩法限时回归,短视频,2024-09-05 07:52,https://toutiao.com/group/7410940045856735770/,《\\u003cem\\u003e王者荣耀\\u003c/em\\u003e》全新版本今日上线，神钩对决玩法限时回归,王者,0,1,132,IT之家,1725493920,1725516258
7410381757935059465,\\u003cem\\u003e王者\\u003c/em\\u003e:S37赛季开启时间确定!三大改动落地，排位难度大幅降低了,短视频,2024-09-03 20:11,https://toutiao.com/group/7410381757935059465/,\\u003cem\\u003e王者\\u003c/em\\u003e:S37赛季开启时间确定!三大改动落地，排位难度大幅降低了,王者,4,4,1395,丹青解说,1725365460,1725516258
7410706771003621903,最极品的3款打野皮肤！他确定以后永远不返场，错过血亏啊,短视频,2024-09-04 16:47,https://toutiao.com/group/7410706771003621903/,最极品的3款打野皮肤！他确定以后永远不返场，错过血亏啊,王者,0,0,40,王者小皮解说,1725439620,1725516258
7410451129907085859,s37王者变钻石，小乔双喜临门，贝壳星元美哭，婉儿、夏侯惇找了,短视频,2024-09-04 00:19,https://toutiao.com/group/7410451129907085859/,s37王者变钻石，小乔双喜临门，贝壳星元美哭，婉儿、夏侯惇找了,王者,0,0,207,可儿游戏说,1725380340,1725516258
7410712189763437108,被遗忘的1个13888英雄！他天克老夫子吊打铠，排位却无人问津,短视频,2024-09-04 17:08,https://toutiao.com/group/7410712189763437108/,被遗忘的1个13888英雄！他天克老夫子吊打铠，排位却无人问津,王者,0,1,79,王者小皮解说,1725440880,1725516258
7410442292852474409,\\u003cem\\u003e王者\\u003c/em\\u003e三活动即将到期，新战令更新，玉镖夺魁奖池更新,短视频,2024-09-03 23:41,https://toutiao.com/group/7410442292852474409/,\\u003cem\\u003e王者\\u003c/em\\u003e三活动即将到期，新战令更新，玉镖夺魁奖池更新,王者,0,0,8,萌游酱,1725378060,1725516258
7410021260329058826,为什么感觉玩《\\u003cem\\u003e王者荣耀\\u003c/em\\u003e》的人越来越少了?看完网友分析恍然大悟,短视频,2024-09-03 09:09,https://toutiao.com/group/7410021260329058826/,为什么感觉玩《\\u003cem\\u003e王者荣耀\\u003c/em\\u003e》的人越来越少了?看完网友分析恍然大悟,王者,0,0,261,小明童鞋,1725325740,1725516258
7410603620510597632,王者荣耀国际服HOK破界皮肤、战令白嫖图文攻略，9月福利领取教程,短视频,2024-09-04 10:07,https://toutiao.com/group/7410603620510597632/,王者荣耀国际服HOK破界皮肤、战令白嫖图文攻略，9月福利领取教程,王者,0,0,27,爆哥解说,1725415620,1725516258
7410728266157310504,《\\u003cem\\u003e王者荣耀\\u003c/em\\u003e》全新版本明日上线:神钩对决玩法限时回归,短视频,2024-09-04 18:11,https://toutiao.com/group/7410728266157310504/,《\\u003cem\\u003e王者荣耀\\u003c/em\\u003e》全新版本明日上线:神钩对决玩法限时回归,王者,0,0,9,迅马信息,1725444660,1725516258
7410973521821680164,游戏新闻速递:崩铁新增关卡|\\u003cem\\u003e王者荣耀\\u003c/em\\u003e外服新爆料|星鸣特攻明日停服,短视频,2024-09-05 10:02,https://m.zol.com.cn/article/8977340.html?tuiguangid=toutiao,游戏新闻速递:崩铁新增关卡|\\u003cem\\u003e王者荣耀\\u003c/em\\u003e外服新爆料|星鸣特攻明日停服,王者,0,0,6,中关村在线,1725501720,1725516258
