id,title,media_type,date,url,text,keyword,like,comment,transpond,read,author_name,timestamp
7410749090243366159,最后一个CG，不会有人没看过吧？#王者 #游戏 #CG,短视频,2024-09-04 19:31,https://www.iesdouyin.com/share/video/7410749090243366159/?region=CN&mid=7410749311295753010&app=news_article&timestamp=1725516258,最后一个CG，不会有人没看过吧？#王者 #游戏 #CG,王者,0,0,0,4,史上醉,1725449460,1725516258
7410317087010229542,王者修复了充钱还赢不了的bug，弹幕玩法大哥随意操控输赢！ #王者全新弹幕玩法 #王者弹幕游戏  #王者荣耀 #王者荣耀创作...,短视频,2024-09-03 15:35,https://www.iesdouyin.com/share/video/7410317087010229542/?region=CN&mid=7410316943166606091&app=news_article&timestamp=1725516258,王者修复了充钱还赢不了的bug，弹幕玩法大哥随意操控输赢！ #王者全新弹幕玩法 #王者弹幕游戏  #王者荣耀 #王者荣耀创作...,王者,0,0,0,1,阿猫的游戏日常,1725348900,1725516258
7410409899580067084,木烟晨: 王者下个月九周年庆返场热度最高的六款皮肤来了#游戏 #王者荣耀#王者荣耀创作者激励计划,短视频,2024-09-03 21:35,https://www.iesdouyin.com/share/video/7410409899580067084/?region=CN&mid=7410409734166694695&app=news_article&timestamp=1725516258,木烟晨: 王者下个月九周年庆返场热度最高的六款皮肤来了#游戏 #王者荣耀#王者荣耀创作者激励计划,王者,0,0,0,0,木烟晨,1725370500,1725516258
7409984106148203810,风油精影院: 一次性看完王者全部CG，没想到这么感人 #百鸣游戏 #王者荣耀,短视频,2024-09-02 18:03,https://www.iesdouyin.com/share/video/7409984106148203810/?region=CN&mid=7409983666551933747&app=news_article&timestamp=1725516258,风油精影院: 一次性看完王者全部CG，没想到这么感人 #百鸣游戏 #王者荣耀,王者,0,0,0,3,风油精影院,1725271380,1725516258
7410979666330209562,王者峡谷 新版女娲“几何”连招难度排行榜 ,短视频,2024-09-05 10:26,https://www.iesdouyin.com/share/video/7410979666330209562/?region=CN&mid=7035684183175333925&app=news_article&timestamp=1725516258,王者峡谷 新版女娲“几何”连招难度排行榜 ,王者,0,0,0,0,国服理论师,1725503160,1725516258
7410786464616713499,Teeth (抖音原版),短视频,2024-09-04 21:56,https://www.iesdouyin.com/share/video/7410786464616713499/?region=CN&mid=7410786513635658506&app=news_article&timestamp=1725516258,Teeth (抖音原版),王者,0,0,0,4,猫萌,1725458160,1725516258
7410705938950212879,貂蝉大司命削弱上线正式服！王者正式服更新公告 #大司命 #貂蝉,短视频,2024-09-04 16:44,https://www.iesdouyin.com/share/video/7410705938950212879/?region=CN&mid=7410706083305507635&app=news_article&timestamp=1725516258,貂蝉大司命削弱上线正式服！王者正式服更新公告 #大司命 #貂蝉,王者,0,0,0,1,小冉云中君,1725439440,1725516258
7410238212746022179,玩射手想在前期取得优势并不难！ #王者 #射手 #李元芳,短视频,2024-09-03 10:29,https://www.iesdouyin.com/share/video/7410238212746022179/?region=CN&mid=7410238215644400421&app=news_article&timestamp=1725516258,玩射手想在前期取得优势并不难！ #王者 #射手 #李元芳,王者,0,0,0,1,王者荣耀六尾（12点开播）,1725330540,1725516258
7410718753152896290,主包真红温了....#王者 #六尾 #百里守约,短视频,2024-09-04 17:33,https://www.iesdouyin.com/share/video/7410718753152896290/?region=CN&mid=7406666027108469545&app=news_article&timestamp=1725516258,主包真红温了....#王者 #六尾 #百里守约,王者,0,0,0,1,王者荣耀,1725442380,1725516258
7410375390675455243,重回故地，聆听竹海涛声\\n#弈星KPL皮肤爆料  #神钩对决限时回归 #弈星KPL限定皮肤  #王者荣耀,短视频,2024-09-03 19:21,https://www.iesdouyin.com/share/video/7410375390675455243/?region=CN&mid=7410375442122705702&app=news_article&timestamp=1725516258,重回故地，聆听竹海涛声\\n#弈星KPL皮肤爆料  #神钩对决限时回归 #弈星KPL限定皮肤  #王者荣耀,王者,0,0,0,7,凤煌解说（王者荣耀）,1725362460,1725516258
7410579732888177959,凤煌解说（王者荣耀）: 射手出辅助装，辅助出野刀！全新辅助流打法让射手横扫峡谷！ #射手出辅助装 #内容启发搜索 #王者荣耀 #王者荣耀创作者激励计划,短视频,2024-09-04 08:41,https://www.iesdouyin.com/share/video/7410579732888177959/?region=CN&mid=7061049920753126174&app=news_article&timestamp=1725516258,凤煌解说（王者荣耀）: 射手出辅助装，辅助出野刀！全新辅助流打法让射手横扫峡谷！ #射手出辅助装 #内容启发搜索 #王者荣耀 #王者荣耀创作者激励计划,王者,0,0,0,0,谎king,1725410460,1725516258
7410351848172932415,@音乐文案馆创作的原声,短视频,2024-09-03 17:50,https://www.iesdouyin.com/share/video/7410351848172932415/?region=CN&mid=7410351953458334500&app=news_article&timestamp=1725516258,@音乐文案馆创作的原声,王者,0,0,0,11,王者荣耀一僧（国服达摩）,1725357000,1725516258
7409977637604478244,小乔斩杀教学#荣耀萤火计划 #王者,短视频,2024-09-02 17:38,https://www.iesdouyin.com/share/video/7409977637604478244/?region=CN&mid=7409977622395915049&app=news_article&timestamp=1725516258,小乔斩杀教学#荣耀萤火计划 #王者,王者,0,0,0,0,兰导（游戏解说）,1725269880,1725516258
7410088278717746442,以前的王者vs现在的王者 #王者环境 #王者现状 #内容启发搜索 #王者荣耀 #王者荣耀创作者激励计划,短视频,2024-09-03 07:30,https://www.iesdouyin.com/share/video/7410088278717746442/?region=CN&mid=7410088396841814795&app=news_article&timestamp=1725516258,以前的王者vs现在的王者 #王者环境 #王者现状 #内容启发搜索 #王者荣耀 #王者荣耀创作者激励计划,王者,0,0,0,2,初见1v5,1725319800,1725516258
